,SQ_CANDIDATO,NM_CANDIDATO,SG_UF,NM_UE,DS_CARGO,SG_PARTIDO,DS_GENERO,DS_GRAU_INSTRUCAO,DS_COR_RACA,DS_OCUPACAO,totalBens
0,130001916288,GRESTON HENRIQUE DE SOUZA,MG,IPATINGA,VEREADOR,DC,MASCULINO,ENSINO FUNDAMENTAL COMPLETO,PARDA,COMERCIANTE,0.0
1,130001921580,ROGERIO LEAL CAMPOS,MG,IPATINGA,VICE-PREFEITO,PRD,MASCULINO,SUPERIOR COMPLETO,BRANCA,POLICIAL MILITAR,1395000.0
2,130001905235,ERICA SIMONE ALMEIDA AMORIM MACHADO,MG,IPATINGA,VICE-PREFEITO,NOVO,FEMININO,ENSINO MÉDIO COMPLETO,BRANCA,TÉCNICO DE LABORATÓRIO E RAIOS X,6000.0
3,130001905274,GILMAR GOMES FERREIRA,MG,IPATINGA,VEREADOR,NOVO,MASCULINO,ENSINO MÉDIO COMPLETO,PARDA,MILITAR REFORMADO,340000.0
4,130001905234,EDVANIO ROSA CARNEIRO,MG,IPATINGA,PREFEITO,NOVO,MASCULINO,SUPERIOR COMPLETO,BRANCA,ADVOGADO,2927088.96
5,130001905253,MARIA DE FATIMA PEREIRA DE SOUZA,MG,IPATINGA,VEREADOR,PRD,FEMININO,SUPERIOR COMPLETO,BRANCA,ASSISTENTE SOCIAL,0.0
6,130002300187,ANA MARIA DA SILVA,MG,IPATINGA,VEREADOR,AVANTE,FEMININO,ENSINO MÉDIO COMPLETO,PARDA,TÉCNICO DE ENFERMAGEM E ASSEMELHADOS (EXCETO ENFERMEIRO),0.0
7,130002300192,SILVIO FERREIRA DA SILVA,MG,IPATINGA,VEREADOR,AVANTE,MASCULINO,ENSINO MÉDIO COMPLETO,PARDA,OUTROS,377900.0
8,130002160362,MARIA APARECIDA DE LIMA,MG,IPATINGA,VEREADOR,PT,FEMININO,SUPERIOR COMPLETO,NÃO INFORMADO,VEREADOR,182145.43
9,130002302347,HELOISIO JOSE DA SILVA,MG,IPATINGA,VEREADOR,AGIR,MASCULINO,ENSINO FUNDAMENTAL COMPLETO,PARDA,MOTORISTA PARTICULAR,202000.0
10,130002301616,ROSANA HENRIQUE DE ASSIS,MG,IPATINGA,VEREADOR,MDB,FEMININO,SUPERIOR COMPLETO,PARDA,APOSENTADO (EXCETO SERVIDOR PÚBLICO),0.0
11,130002301614,GERALDO AFONSO DE CARVALHO,MG,IPATINGA,VEREADOR,MDB,MASCULINO,ENSINO FUNDAMENTAL COMPLETO,PARDA,APOSENTADO (EXCETO SERVIDOR PÚBLICO),89000.0
12,130002211841,WERLEY GLICERIO FURBINO DE ARAUJO,MG,IPATINGA,VEREADOR,PL,MASCULINO,SUPERIOR COMPLETO,PARDA,POLICIAL CIVIL,252667.88
13,130002300648,JOB VICENTE RODRIGUES,MG,IPATINGA,VEREADOR,REDE,MASCULINO,ENSINO MÉDIO COMPLETO,PARDA,CATADOR DE RECICLÁVEIS,0.0
14,130001905262,ANDRÉ DE MELO FERREIRA,MG,IPATINGA,VEREADOR,PRD,MASCULINO,ENSINO MÉDIO COMPLETO,BRANCA,MOTORISTA DE VEÍCULOS DE TRANSPORTE DE CARGA,0.0
15,130001979074,NICOLAS RODRIGUES SILVEIRA,MG,IPATINGA,VEREADOR,REPUBLICANOS,MASCULINO,ENSINO MÉDIO COMPLETO,BRANCA,"ESTUDANTE, BOLSISTA, ESTAGIÁRIO E ASSEMELHADOS",8.6
16,130001979075,SAMIRA DE MENEZES ALVES,MG,IPATINGA,VEREADOR,REPUBLICANOS,FEMININO,ENSINO MÉDIO COMPLETO,BRANCA,"SECRETÁRIO,ESTENÓGRAFO,DATILÓGRAFO,RECEPCIONISTA,TELEFONISTA,TAQUÍGRAF",0.0
17,130002302990,GUSTAVO MORAIS NUNES,MG,IPATINGA,PREFEITO,PL,MASCULINO,SUPERIOR INCOMPLETO,PARDA,PREFEITO,483357.42
18,130002302340,JERFORY SAYMON FERREIRA COSTA,MG,IPATINGA,VEREADOR,AGIR,MASCULINO,SUPERIOR COMPLETO,PARDA,EMPRESÁRIO,20000.0
19,130002211845,GIELTON IVO DE ASSIS,MG,IPATINGA,VEREADOR,PL,MASCULINO,ENSINO MÉDIO COMPLETO,PARDA,POLICIAL MILITAR,219243.66
20,130002211231,EDSON FERREIRA DA COSTA,MG,IPATINGA,VEREADOR,PSB,MASCULINO,ENSINO MÉDIO COMPLETO,BRANCA,COMERCIANTE,14000.0
21,130001934778,VALDECI CHAVES DE OLIVEIRA,MG,IPATINGA,VEREADOR,UNIÃO,FEMININO,ENSINO FUNDAMENTAL COMPLETO,PARDA,COMERCIANTE,3500.0
22,130001916279,CARLA DO CARMO FERREIRA,MG,IPATINGA,VEREADOR,DC,FEMININO,ENSINO MÉDIO INCOMPLETO,PARDA,MANICURE E MAQUILADOR,0.0
23,130001905250,CÉLIO NOVAES JÚNIOR,MG,IPATINGA,VEREADOR,PRD,MASCULINO,SUPERIOR COMPLETO,BRANCA,ARQUITETO,0.0
24,130001916287,ANA MARIA APARECIDA GOMES,MG,IPATINGA,VEREADOR,DC,FEMININO,ENSINO FUNDAMENTAL INCOMPLETO,PARDA,CABELEIREIRO E BARBEIRO,115000.0
25,130001905266,EUSTÁQUIO ROSA DA SILVA,MG,IPATINGA,VEREADOR,PRD,MASCULINO,ENSINO MÉDIO COMPLETO,PARDA,SERVIDOR PÚBLICO MUNICIPAL,0.0
26,130002009647,FABIANA PEREIRA DA SILVA,MG,IPATINGA,VEREADOR,PP,FEMININO,ENSINO MÉDIO COMPLETO,PARDA,DONA DE CASA,1043.66
27,130002161849,CARLOS ALBERTO LIMA,MG,IPATINGA,VEREADOR,MOBILIZA,MASCULINO,ENSINO MÉDIO COMPLETO,PARDA,EMPRESÁRIO,877000.0
28,130002300658,JESUS DIAS DE ALMEIDA,MG,IPATINGA,VEREADOR,REDE,MASCULINO,ENSINO MÉDIO COMPLETO,PRETA,OUTROS,0.0
29,130002300196,JOAO VIANEI DE CARVALHO,MG,IPATINGA,VEREADOR,AVANTE,MASCULINO,SUPERIOR COMPLETO,BRANCA,VEREADOR,432994.32
30,130002302343,JOAQUIM GOMES DA SILVA,MG,IPATINGA,VEREADOR,AGIR,MASCULINO,ENSINO MÉDIO COMPLETO,PRETA,EMPRESÁRIO,0.0
31,130002166110,SEBASTIAO ANTONIO INACIO,MG,IPATINGA,VEREADOR,PRTB,MASCULINO,ENSINO MÉDIO COMPLETO,PARDA,APOSENTADO (EXCETO SERVIDOR PÚBLICO),98006.5
32,130002300646,CÁSSIA LOURENÇO VERÍSSIMO,MG,IPATINGA,VEREADOR,REDE,FEMININO,SUPERIOR COMPLETO,PARDA,ADVOGADO,0.0
33,130002162420,MICHAEL DAVISON DE OLIVEIRA RIBEIRO,MG,IPATINGA,PREFEITO,PSOL,MASCULINO,SUPERIOR COMPLETO,PARDA,ADVOGADO,0.0
34,130002300642,ELAINE CRISTINA BICALHO MAIA,MG,IPATINGA,VEREADOR,REDE,FEMININO,SUPERIOR COMPLETO,BRANCA,PROFESSOR DE ENSINO FUNDAMENTAL,0.0
35,130002211233,MARCOS VINICIUS DE OLIVEIRA ALMEIDA,MG,IPATINGA,VEREADOR,PSB,MASCULINO,ENSINO MÉDIO COMPLETO,PARDA,"TÉCNICO DE ELETRICIDADE, ELETRÔNICA E TELECOMUNICAÇÕES",40000.0
36,130002210905,LUIZ CLAUDIO DA COSTA,MG,IPATINGA,VEREADOR,PDT,MASCULINO,ENSINO FUNDAMENTAL COMPLETO,PRETA,TRABALHADOR FLORESTAL,3500.0
37,130002210902,EDUARDA VITORIA PINHO CARDOSO,MG,IPATINGA,VEREADOR,PDT,FEMININO,SUPERIOR COMPLETO,BRANCA,"ESTUDANTE, BOLSISTA, ESTAGIÁRIO E ASSEMELHADOS",0.0
38,130001905282,CLAUDIMAR DE ALVARENGA MORAIS,MG,IPATINGA,VEREADOR,NOVO,MASCULINO,SUPERIOR COMPLETO,BRANCA,ENGENHEIRO,120000.0
39,130002162218,RONALDO FERNANDES MADEIRA,MG,IPATINGA,VEREADOR,PMB,MASCULINO,ENSINO FUNDAMENTAL INCOMPLETO,PRETA,"ENCANADOR, SOLDADOR, CHAPEADOR E CALDEIREIRO",0.0
40,130002009655,WANDERCY GOMES DE OLIVEIRA,MG,IPATINGA,VEREADOR,PP,MASCULINO,SUPERIOR COMPLETO,PARDA,OUTROS,1220.12
41,130002162213,DIEGO FAGUNDES LIMA,MG,IPATINGA,VEREADOR,PMB,MASCULINO,ENSINO MÉDIO COMPLETO,PARDA,OUTROS,1259.06
42,130001979070,CLEUDES SILVEIRA LAGE,MG,IPATINGA,VEREADOR,REPUBLICANOS,FEMININO,SUPERIOR COMPLETO,BRANCA,RECEPCIONISTA,110000.0
43,130002160695,JOAO FRANCISCO BASTOS,MG,IPATINGA,VEREADOR,CIDADANIA,MASCULINO,LÊ E ESCREVE,BRANCA,VEREADOR,268396.0
44,130002166101,DANIEL AMBROSIO DA CONCEIÇÃO PEREIRA,MG,IPATINGA,VEREADOR,PRTB,MASCULINO,ENSINO FUNDAMENTAL COMPLETO,PRETA,MOTORISTA DE VEÍCULOS DE TRANSPORTE DE CARGA,548000.0
45,130002300191,RODRIGO CARLOS MORAES BOAVENTURA,MG,IPATINGA,VEREADOR,AVANTE,MASCULINO,SUPERIOR INCOMPLETO,PARDA,OUTROS,0.0
46,130001934779,ROSIANI KATIA CRUZ DE ARRUDA,MG,IPATINGA,VEREADOR,UNIÃO,FEMININO,ENSINO MÉDIO INCOMPLETO,PARDA,APOSENTADO (EXCETO SERVIDOR PÚBLICO),3400.0
47,130002211218,ANAUIL SOARES,MG,IPATINGA,VEREADOR,PSB,MASCULINO,ENSINO MÉDIO INCOMPLETO,PARDA,COMERCIANTE,0.0
48,130002380925,NELMA SILVA PINHO,MG,IPATINGA,VEREADOR,CIDADANIA,FEMININO,ENSINO MÉDIO COMPLETO,PARDA,COMERCIANTE,0.0
49,130002301623,REGINALDO GARCIA FERNANDES,MG,IPATINGA,VEREADOR,MDB,MASCULINO,ENSINO MÉDIO COMPLETO,PARDA,APOSENTADO (EXCETO SERVIDOR PÚBLICO),5000.0
50,130001905258,VAGNER LISBOA DE SOUZA,MG,IPATINGA,VEREADOR,PRD,MASCULINO,SUPERIOR COMPLETO,BRANCA,ENGENHEIRO,0.0
51,130001916283,JAMES ALVES DOS REIS,MG,IPATINGA,VEREADOR,DC,MASCULINO,ENSINO MÉDIO COMPLETO,PARDA,SERVIDOR PÚBLICO MUNICIPAL,10000.0
52,130002160360,ROBERTO BOTELHO RODRIGUES,MG,IPATINGA,VEREADOR,PT,MASCULINO,ENSINO FUNDAMENTAL INCOMPLETO,PARDA,OUTROS,0.0
53,130002165926,JADSON HELENO MOREIRA,MG,IPATINGA,PREFEITO,PRTB,MASCULINO,SUPERIOR COMPLETO,BRANCA,EMPRESÁRIO,308928.3
54,130002161851,LEONARDO DE OLIVEIRA MIRANDA,MG,IPATINGA,VEREADOR,MOBILIZA,MASCULINO,ENSINO MÉDIO COMPLETO,PARDA,OUTROS,560000.0
55,130002302350,ROSELE MARIA SOUZA DE CASTRO,MG,IPATINGA,VEREADOR,AGIR,FEMININO,SUPERIOR COMPLETO,PARDA,FISIOTERAPEUTA E TERAPEUTA OCUPACIONAL,0.0
56,130002211858,MELQUIS EDELSON LOPES,MG,IPATINGA,VEREADOR,PL,MASCULINO,ENSINO MÉDIO COMPLETO,PARDA,OUTROS,20000.0
57,130002211843,MARIA JULIA BOMFIM PEREIRA,MG,IPATINGA,VEREADOR,PL,FEMININO,ENSINO MÉDIO COMPLETO,PARDA,OUTROS,0.0
58,130001916276,GISELE KATIUSCIA DOS REIS SOARES,MG,IPATINGA,VEREADOR,DC,FEMININO,LÊ E ESCREVE,PARDA,VENDEDOR DE COMÉRCIO VAREJISTA E ATACADISTA,0.0
59,130001916275,MATHEUS LIMA BRAGA,MG,IPATINGA,VEREADOR,DC,MASCULINO,SUPERIOR COMPLETO,BRANCA,ADVOGADO,75797.75
60,130001905270,ELIANE SIMOES MARCHESINI FONSECA,MG,IPATINGA,VEREADOR,NOVO,FEMININO,SUPERIOR COMPLETO,PARDA,APOSENTADO (EXCETO SERVIDOR PÚBLICO),537999.12
61,130001916277,JULIANA GONÇALVES SOUZA,MG,IPATINGA,VEREADOR,DC,FEMININO,ENSINO MÉDIO COMPLETO,BRANCA,OUTROS,315000.0
62,130002300653,ANTONIO DE PAULA ALVES,MG,IPATINGA,VEREADOR,REDE,MASCULINO,ENSINO FUNDAMENTAL COMPLETO,PARDA,APOSENTADO (EXCETO SERVIDOR PÚBLICO),0.0
63,130001905287,WALDIVINO PINTO,MG,IPATINGA,VEREADOR,NOVO,MASCULINO,ENSINO MÉDIO COMPLETO,PARDA,MECÂNICO DE MANUTENÇÃO,150000.0
64,130002300645,MARIA DA CONCEICAO NASCIMENTO,MG,IPATINGA,VEREADOR,REDE,FEMININO,SUPERIOR COMPLETO,PARDA,OUTROS,0.0
65,130002302333,SEBASTIAO EVANGELISTA,MG,IPATINGA,VEREADOR,AGIR,MASCULINO,ENSINO MÉDIO COMPLETO,PRETA,OUTROS,300000.0
66,130001979066,MOARLEN LANDE COELHO,MG,IPATINGA,VEREADOR,REPUBLICANOS,MASCULINO,SUPERIOR COMPLETO,PRETA,AGENTE DE SAÚDE E SANITARISTA,127225.42
67,130002301619,EDILSON SILVA DOS SANTOS,MG,IPATINGA,VEREADOR,MDB,MASCULINO,ENSINO MÉDIO COMPLETO,PARDA,LEITURISTA,0.0
68,130002300660,THIAGO HENRIQUE ALMEIDA VAZ,MG,IPATINGA,VEREADOR,REDE,MASCULINO,SUPERIOR COMPLETO,BRANCA,PROFESSOR DE ENSINO MÉDIO,0.0
69,130002302345,WEBER INACIO OLIVEIRA BRITO,MG,IPATINGA,VEREADOR,AGIR,MASCULINO,SUPERIOR COMPLETO,PRETA,PROFESSOR E INSTRUTOR DE FORMAÇÃO PROFISSIONAL,0.0
70,130002300656,DIANNE SHIRLEY DE OLIVEIRA,MG,IPATINGA,VEREADOR,REDE,FEMININO,SUPERIOR COMPLETO,BRANCA,ADVOGADO,0.0
71,130002300204,MATEUS TELES DE SOUSA,MG,IPATINGA,VEREADOR,AVANTE,MASCULINO,SUPERIOR COMPLETO,PARDA,OUTROS,0.0
72,130002300189,BRUNO VIEIRA DOS SANTOS,MG,IPATINGA,VEREADOR,AVANTE,MASCULINO,ENSINO MÉDIO COMPLETO,PARDA,VIGILANTE,6000.0
73,130002211224,ISAEL LUCAS TEIXEIRA,MG,IPATINGA,VEREADOR,PSB,MASCULINO,ENSINO FUNDAMENTAL COMPLETO,PARDA,"TÉCNICO DE OBRAS CIVIS, ESTRADAS, SANEAMENTO E ASSEMELHADOS",69000.0
74,130002210901,ROSANGELA CUSTÓDIA GABRIEL,MG,IPATINGA,VEREADOR,PDT,FEMININO,SUPERIOR INCOMPLETO,PRETA,APOSENTADO (EXCETO SERVIDOR PÚBLICO),225000.0
75,130001934786,GERALDO ROMUALDO DOS SANTOS,MG,IPATINGA,VEREADOR,UNIÃO,MASCULINO,ENSINO MÉDIO COMPLETO,PARDA,APOSENTADO (EXCETO SERVIDOR PÚBLICO),13000.0
76,130001916278,MARISE GUIMARAES SANTOS SILVA,MG,IPATINGA,VEREADOR,DC,FEMININO,ENSINO MÉDIO COMPLETO,PARDA,ARTESÃO,1100000.0
77,130001905259,ILDEU SEBASTIÃO DE MEIRELES,MG,IPATINGA,VEREADOR,PRD,MASCULINO,ENSINO MÉDIO COMPLETO,BRANCA,MOTORISTA DE VEÍCULOS DE TRANSPORTE COLETIVO DE PASSAGEIROS,0.0
78,130001905285,JOSE DE FREITAS SILVA,MG,IPATINGA,VEREADOR,NOVO,MASCULINO,ENSINO FUNDAMENTAL INCOMPLETO,PARDA,APOSENTADO (EXCETO SERVIDOR PÚBLICO),0.0
79,130002301100,RAIR ANÍCIO JÚNIOR,MG,IPATINGA,VICE-PREFEITO,PSTU,MASCULINO,SUPERIOR COMPLETO,PARDA,INDUSTRIAL,845000.0
80,130001905280,ALBERTO ANDRADE GUIMARAES,MG,IPATINGA,VEREADOR,NOVO,MASCULINO,ENSINO FUNDAMENTAL INCOMPLETO,PARDA,APOSENTADO (EXCETO SERVIDOR PÚBLICO),46617.0
81,130002162225,WELLINGTON GOMES RAMOS,MG,IPATINGA,VEREADOR,PMB,MASCULINO,ENSINO MÉDIO COMPLETO,PARDA,EMPRESÁRIO,700000.0
82,130002301611,DEIR BARBOSA DE LACERDA,MG,IPATINGA,VEREADOR,MDB,MASCULINO,ENSINO MÉDIO COMPLETO,PARDA,COMERCIANTE,310000.0
83,130002300201,JOSIAS ATIL LEMOS,MG,IPATINGA,VEREADOR,AVANTE,MASCULINO,ENSINO FUNDAMENTAL COMPLETO,PARDA,OUTROS,0.0
84,130002300195,GERALDO PINTO BARBOSA,MG,IPATINGA,VEREADOR,AVANTE,MASCULINO,ENSINO FUNDAMENTAL COMPLETO,PARDA,COMERCIANTE,35000.0
85,130002162217,JOEL AVELINO SOUTO,MG,IPATINGA,VEREADOR,PMB,MASCULINO,SUPERIOR COMPLETO,PRETA,JORNALISTA E REDATOR,0.0
86,130002160693,ADRIANA BRITO DE OLIVEIRA,MG,IPATINGA,VEREADOR,PSDB,FEMININO,SUPERIOR COMPLETO,PARDA,PEDAGOGO,0.0
87,130001979067,DANIEL ROSA DE PINHO,MG,IPATINGA,VEREADOR,REPUBLICANOS,MASCULINO,ENSINO FUNDAMENTAL INCOMPLETO,PARDA,EMPRESÁRIO,1761000.0
88,130002211849,DEUSEDINA MONICA LEMOS BRAGA BORGES,MG,IPATINGA,VEREADOR,PL,FEMININO,SUPERIOR COMPLETO,BRANCA,OUTROS,0.0
89,130001934789,VICENTE CALIXTO,MG,IPATINGA,VEREADOR,UNIÃO,MASCULINO,ENSINO FUNDAMENTAL COMPLETO,BRANCA,APOSENTADO (EXCETO SERVIDOR PÚBLICO),40161.44
90,130002211234,JUSTINO FERREIRA RIBEIRO,MG,IPATINGA,VEREADOR,PSB,MASCULINO,ENSINO FUNDAMENTAL COMPLETO,PARDA,COMERCIANTE,583500.0
91,130002385078,JANAINA FERNANDES CARVALHO,MG,IPATINGA,VEREADOR,PRTB,FEMININO,ENSINO MÉDIO COMPLETO,PARDA,MOTORISTA PARTICULAR,118000.0
92,130001905277,AECIO SALVADOR DE ANDRADE,MG,IPATINGA,VEREADOR,NOVO,MASCULINO,ENSINO MÉDIO COMPLETO,BRANCA,APOSENTADO (EXCETO SERVIDOR PÚBLICO),23000.0
93,130001916282,CRISPIM ELIAS CAMPOS NETO,MG,IPATINGA,VEREADOR,DC,MASCULINO,ENSINO FUNDAMENTAL COMPLETO,PARDA,APOSENTADO (EXCETO SERVIDOR PÚBLICO),81729.56
94,130001905261,RONILSON PEREIRA DE SOUZA,MG,IPATINGA,VEREADOR,PRD,MASCULINO,ENSINO MÉDIO COMPLETO,PARDA,EMPRESÁRIO,0.0
95,130002160686,ADEMAR DA COSTA NEVES,MG,IPATINGA,VEREADOR,CIDADANIA,MASCULINO,ENSINO FUNDAMENTAL INCOMPLETO,PRETA,OUTROS,0.0
96,130001916274,SERGIO MORAIS COELHO,MG,IPATINGA,VEREADOR,DC,MASCULINO,ENSINO FUNDAMENTAL COMPLETO,BRANCA,OUTROS,268000.0
97,130001905256,JUBER CHAVES DA SILVA,MG,IPATINGA,VEREADOR,PRD,MASCULINO,ENSINO MÉDIO COMPLETO,BRANCA,APOSENTADO (EXCETO SERVIDOR PÚBLICO),0.0
98,130002161855,CARLOS ALBERTO CORREA DE ASSIS,MG,IPATINGA,VEREADOR,MOBILIZA,MASCULINO,ENSINO MÉDIO COMPLETO,PARDA,APOSENTADO (EXCETO SERVIDOR PÚBLICO),0.0
99,130002302342,SAVIO DAMAZIO DE OLIVEIRA,MG,IPATINGA,VEREADOR,AGIR,MASCULINO,ENSINO MÉDIO COMPLETO,PRETA,"SUPERVISOR, INSPETOR E AGENTE DE COMPRAS E VENDAS",0.0
100,130002009648,AVELINO RIBEIRO DA CRUZ,MG,IPATINGA,VEREADOR,PP,MASCULINO,SUPERIOR COMPLETO,PARDA,OUTROS,104603.0
101,130002161848,JOSÉ MODESTO,MG,IPATINGA,VEREADOR,MOBILIZA,MASCULINO,ENSINO FUNDAMENTAL COMPLETO,PARDA,VIGILANTE,0.0
102,130002300649,ALEXSANDRO ESPÍRITO SANTO OLIVEIRA,MG,IPATINGA,VEREADOR,REDE,MASCULINO,SUPERIOR COMPLETO,PARDA,EMPRESÁRIO,0.0
103,130002301099,GLAUBER MACHADO FERREIRA,MG,IPATINGA,PREFEITO,PSTU,MASCULINO,SUPERIOR COMPLETO,BRANCA,ADVOGADO,14800.0
104,130002042286,MICHEL NEVES WINTER,MG,IPATINGA,PREFEITO,PRTB,MASCULINO,SUPERIOR COMPLETO,PARDA,EMPRESÁRIO,200000.0
105,130002210895,JOÃO BATISTA DA SILVA,MG,IPATINGA,VEREADOR,PDT,MASCULINO,ENSINO FUNDAMENTAL COMPLETO,PRETA,AGENTE DE SAÚDE E SANITARISTA,260000.0
106,130002211221,EVERTON GERMANO GOMES DA SILVA,MG,IPATINGA,VEREADOR,PSB,MASCULINO,SUPERIOR COMPLETO,PRETA,VIGILANTE,143000.0
107,130002211853,AMARILDO PEREIRA DA SILVA,MG,IPATINGA,VEREADOR,PL,MASCULINO,ENSINO MÉDIO COMPLETO,PARDA,OUTROS,55441.06
108,130002382175,MARCOS OLIVEIRA RODRIGUES,MG,IPATINGA,VEREADOR,REPUBLICANOS,MASCULINO,ENSINO MÉDIO COMPLETO,BRANCA,EMPRESÁRIO,232019.51
109,130002302346,HELVECIO PINTO DOS SANTOS,MG,IPATINGA,VEREADOR,AGIR,MASCULINO,ENSINO MÉDIO COMPLETO,PARDA,APOSENTADO (EXCETO SERVIDOR PÚBLICO),418000.0
110,130002009640,ROGERIO SILVA ABREU,MG,IPATINGA,VEREADOR,PP,MASCULINO,ENSINO MÉDIO COMPLETO,PARDA,MOTORISTA PARTICULAR,73828.84
111,130002166106,RODRIGO LIBERATO DIAS,MG,IPATINGA,VEREADOR,PRTB,MASCULINO,ENSINO MÉDIO COMPLETO,PARDA,TRABALHADOR METALÚRGICO E SIDERÚRGICO,5000.0
112,130002162215,JHON WESLEY FERREIRA DE SOUZA,MG,IPATINGA,VEREADOR,PMB,MASCULINO,SUPERIOR COMPLETO,PARDA,VENDEDOR DE COMÉRCIO VAREJISTA E ATACADISTA,327900.0
113,130002160359,WILLIAM GOMES DE OLIVEIRA LOPES,MG,IPATINGA,VEREADOR,PT,MASCULINO,ENSINO FUNDAMENTAL INCOMPLETO,PARDA,FRENTISTA,0.0
114,130002160689,MARIA FRANCISCA DE JESUS,MG,IPATINGA,VEREADOR,CIDADANIA,FEMININO,ENSINO MÉDIO COMPLETO,PRETA,APOSENTADO (EXCETO SERVIDOR PÚBLICO),180000.0
115,130001979080,MATEUS FAIER DA SILVA,MG,IPATINGA,VEREADOR,REPUBLICANOS,MASCULINO,SUPERIOR COMPLETO,PARDA,ADVOGADO,100.12
116,130002162223,HELLEN DA SILVA CUSTODIO DE MELO,MG,IPATINGA,VEREADOR,PMB,FEMININO,SUPERIOR COMPLETO,PARDA,PSICÓLOGO,182000.0
117,130002166108,EDVALDO ALVES DE SOUZA,MG,IPATINGA,VEREADOR,PRTB,MASCULINO,ENSINO MÉDIO COMPLETO,BRANCA,TÉCNICO DE MECÂNICA,0.0
118,130002211852,MARIA IMACULADA ROCHA OLIVEIRA DE NOVAES,MG,IPATINGA,VEREADOR,PL,FEMININO,ENSINO MÉDIO COMPLETO,PRETA,COMERCIANTE,139000.0
119,130002380170,DIRCE ALMEIDA SANTOS,MG,IPATINGA,VEREADOR,REPUBLICANOS,FEMININO,ENSINO FUNDAMENTAL INCOMPLETO,PARDA,OUTROS,360508.51
120,130002009644,CARLOS ROBERTO DE SOUZA,MG,IPATINGA,VEREADOR,PP,MASCULINO,ENSINO FUNDAMENTAL INCOMPLETO,BRANCA,APOSENTADO (EXCETO SERVIDOR PÚBLICO),366304.92
121,130002300651,PAULA PINA REZENDE GONÇALVES,MG,IPATINGA,VEREADOR,REDE,FEMININO,SUPERIOR COMPLETO,PARDA,PROFESSOR DE ENSINO DE PRIMEIRO E SEGUNDO GRAUS,0.0
122,130002301938,JESUS NASCIMENTO DA SILVA,MG,IPATINGA,VICE-PREFEITO,MDB,MASCULINO,SUPERIOR COMPLETO,BRANCA,ADVOGADO,19201673.6
123,130002301628,SORAYA SOARES DE ARAUJO,MG,IPATINGA,VEREADOR,MDB,FEMININO,SUPERIOR COMPLETO,BRANCA,APOSENTADO (EXCETO SERVIDOR PÚBLICO),236779.82
124,130002166102,ANDRE DOS SANTOS MOREIRA,MG,IPATINGA,VEREADOR,PRTB,MASCULINO,ENSINO MÉDIO COMPLETO,PARDA,OUTROS,15000.0
125,130002302338,ANTONIO JOSE FERREIRA NETO,MG,IPATINGA,VEREADOR,AGIR,MASCULINO,ENSINO MÉDIO COMPLETO,PARDA,VEREADOR,1027766.84
126,130001934792,SIMONE SIERAU SHIKAY,MG,IPATINGA,VEREADOR,UNIÃO,FEMININO,ENSINO MÉDIO INCOMPLETO,BRANCA,OUTROS,7015.46
127,130002211232,ANA RITA NEVES ASSIS,MG,IPATINGA,VEREADOR,PSB,FEMININO,SUPERIOR COMPLETO,PARDA,COMERCIANTE,67000.0
128,130002376571,DANIELA VON RONDOW COSTA,MG,IPATINGA,VEREADOR,PP,FEMININO,SUPERIOR INCOMPLETO,PARDA,OUTROS,29065.0
129,130001916281,MARCO ANTONIO GOMES TOLEDO,MG,IPATINGA,VEREADOR,DC,MASCULINO,SUPERIOR COMPLETO,BRANCA,POLICIAL MILITAR,1550000.0
130,130002160687,CARLOS SILVA SANTOS,MG,IPATINGA,VEREADOR,CIDADANIA,MASCULINO,ENSINO MÉDIO COMPLETO,PARDA,OUTROS,0.0
131,130002301622,REGINALDO GONCALVES COELHO,MG,IPATINGA,VEREADOR,MDB,MASCULINO,ENSINO MÉDIO COMPLETO,PRETA,"CORRETOR DE IMÓVEIS, SEGUROS, TÍTULOS E VALORES",250000.0
132,130002300650,WANDERLEI JOSE SOARES,MG,IPATINGA,VEREADOR,REDE,MASCULINO,ENSINO MÉDIO COMPLETO,BRANCA,COMERCIANTE,0.0
133,130002009639,ANTONIO ALVES DE OLIVEIRA,MG,IPATINGA,VEREADOR,PP,MASCULINO,ENSINO MÉDIO COMPLETO,BRANCA,VEREADOR,551700.0
134,130002302344,CLAUDIA GLEYCE NOVAIS,MG,IPATINGA,VEREADOR,AGIR,FEMININO,SUPERIOR COMPLETO,PARDA,OUTROS,35000.0
135,130002302989,JOSE PEDRO DE FREITAS,MG,IPATINGA,VICE-PREFEITO,CIDADANIA,MASCULINO,SUPERIOR COMPLETO,PARDA,APOSENTADO (EXCETO SERVIDOR PÚBLICO),0.0
136,130002211839,CLAUDEMIR RODRIGUES DUARTE DE JESUS,MG,IPATINGA,VEREADOR,PL,MASCULINO,ENSINO FUNDAMENTAL INCOMPLETO,PRETA,OUTROS,250000.0
137,130002210888,GERALDA LUCIA SILVA ALMEIDA,MG,IPATINGA,VEREADOR,PDT,FEMININO,SUPERIOR COMPLETO,PARDA,APOSENTADO (EXCETO SERVIDOR PÚBLICO),0.0
138,130002210892,ADRIANO OTAVIO CORDEIRO FELIPE,MG,IPATINGA,VEREADOR,PDT,MASCULINO,SUPERIOR COMPLETO,PRETA,TÉCNICO DE ENFERMAGEM E ASSEMELHADOS (EXCETO ENFERMEIRO),149000.0
139,130001979072,FABIO PEREIRA DOS SANTOS,MG,IPATINGA,VEREADOR,REPUBLICANOS,MASCULINO,SUPERIOR INCOMPLETO,PARDA,COMERCIANTE,3855.02
140,130002162419,RENNAN VILAR GUIMARAES CASTRO ANTUNES,MG,IPATINGA,VICE-PREFEITO,PSOL,MASCULINO,SUPERIOR COMPLETO,BRANCA,OUTROS,533920.79
141,130002162220,MISLENE GODOY LUCAS,MG,IPATINGA,VEREADOR,PMB,FEMININO,SUPERIOR COMPLETO,PARDA,OUTROS,25000.0
142,130002300643,LEONARDO MARCOS DE SOUZA,MG,IPATINGA,VEREADOR,REDE,MASCULINO,ENSINO MÉDIO COMPLETO,PARDA,OUTROS,0.0
143,130001979063,AUDREY QUESIA PASSOS BOWEN,MG,IPATINGA,VEREADOR,REPUBLICANOS,FEMININO,SUPERIOR COMPLETO,BRANCA,PROFESSOR E INSTRUTOR DE FORMAÇÃO PROFISSIONAL,29000.0
144,130002162212,ELIAS MOREIRA JUNIOR,MG,IPATINGA,VEREADOR,PMB,MASCULINO,SUPERIOR COMPLETO,PARDA,OUTROS,25880.0
145,130002009645,MANOEL MOREIRA FRANCO,MG,IPATINGA,VEREADOR,PP,MASCULINO,ENSINO FUNDAMENTAL INCOMPLETO,PARDA,OUTROS,0.0
146,130002160699,JOSIAS VARGAS DA SILVA,MG,IPATINGA,VEREADOR,CIDADANIA,MASCULINO,ENSINO MÉDIO INCOMPLETO,PRETA,OUTROS,25000.0
147,130002301624,ADRIANA PEREIRA RODRIGUES ALMEIDA,MG,IPATINGA,VEREADOR,MDB,FEMININO,ENSINO MÉDIO COMPLETO,PARDA,EMPRESÁRIO,650211.0
148,130002211217,MARCIO ROBERTO REIS MIRANDA,MG,IPATINGA,VEREADOR,PSB,MASCULINO,SUPERIOR COMPLETO,BRANCA,ENFERMEIRO,0.0
149,130002210900,SEBASTIÃO DOMINGOS DE SOUZA,MG,IPATINGA,VEREADOR,PDT,MASCULINO,ENSINO FUNDAMENTAL COMPLETO,PARDA,OPERADOR DE APARELHOS DE PRODUÇÃO INDUSTRIAL,400000.0
150,130001916290,ROGERIO ALVES FERREIRA,MG,IPATINGA,VEREADOR,DC,MASCULINO,SUPERIOR COMPLETO,PARDA,OUTROS,12000.0
151,130001905279,PATRICIA SENA DE SOUZA,MG,IPATINGA,VEREADOR,NOVO,FEMININO,ENSINO MÉDIO COMPLETO,PARDA,CABELEIREIRO E BARBEIRO,13500.0
152,130001905278,BLANDER ROGER DO COUTO NARCISO,MG,IPATINGA,VEREADOR,NOVO,MASCULINO,SUPERIOR COMPLETO,BRANCA,ENGENHEIRO,62.99
153,130002300190,WALDEMIR DOS SANTOS,MG,IPATINGA,VEREADOR,AVANTE,MASCULINO,ENSINO FUNDAMENTAL COMPLETO,PRETA,OUTROS,0.0
154,130002161854,VANILSA DIAS MARTINS,MG,IPATINGA,VEREADOR,MOBILIZA,FEMININO,ENSINO MÉDIO COMPLETO,PARDA,OUTROS,0.0
155,130002300200,DENER CRISTIAN DAMASCENO VALADARES,MG,IPATINGA,VEREADOR,AVANTE,MASCULINO,ENSINO MÉDIO COMPLETO,PRETA,OUTROS,75000.0
156,130002302335,RENATA DE SOUZA SILVA FONSECA,MG,IPATINGA,VEREADOR,AGIR,FEMININO,SUPERIOR COMPLETO,PARDA,OUTROS,0.0
157,130002301615,IRIS MATILDE DA SILVA,MG,IPATINGA,VEREADOR,MDB,MASCULINO,ENSINO MÉDIO COMPLETO,PRETA,APOSENTADO (EXCETO SERVIDOR PÚBLICO),250000.0
158,130002300644,LUIS ANTONIO DE SOUZA VIEIRA,MG,IPATINGA,VEREADOR,REDE,MASCULINO,ENSINO FUNDAMENTAL COMPLETO,PARDA,MOTORISTA DE VEÍCULOS DE TRANSPORTE COLETIVO DE PASSAGEIROS,0.0
159,130002160358,RENATO PINTO MICHISHITA,MG,IPATINGA,VEREADOR,PT,MASCULINO,SUPERIOR COMPLETO,BRANCA,"TRADUTOR, INTÉRPRETE E FILÓLOGO",55514.5
160,130002379347,LENI DO CARMO ALVES,MG,IPATINGA,VEREADOR,CIDADANIA,FEMININO,SUPERIOR COMPLETO,PARDA,PEDAGOGO,0.0
161,130001934781,MARIA DE FÁTIMA SOUZA CARLOS,MG,IPATINGA,VEREADOR,UNIÃO,FEMININO,ENSINO MÉDIO COMPLETO,PARDA,APOSENTADO (EXCETO SERVIDOR PÚBLICO),51008.29
162,130001934788,SILVANE GIVISIEZ,MG,IPATINGA,VEREADOR,UNIÃO,MASCULINO,SUPERIOR COMPLETO,BRANCA,MILITAR REFORMADO,2027119.37
163,130002211223,WENDER DE SOUZA CARVALHO,MG,IPATINGA,VEREADOR,PSB,MASCULINO,ENSINO MÉDIO COMPLETO,PARDA,OUTROS,800000.0
164,130002210893,SUELY SILVA LEITE DOS SANTOS,MG,IPATINGA,VEREADOR,PDT,FEMININO,ENSINO MÉDIO COMPLETO,PARDA,AGENTE ADMINISTRATIVO,0.0
165,130002211857,JULIMAR RODRIGUES FERREIRA,MG,IPATINGA,VEREADOR,PL,MASCULINO,SUPERIOR COMPLETO,PARDA,OUTROS,250000.0
166,130001934785,WALTER PATRICIO DE SOUZA,MG,IPATINGA,VEREADOR,UNIÃO,MASCULINO,ENSINO MÉDIO COMPLETO,PARDA,APOSENTADO (EXCETO SERVIDOR PÚBLICO),600000.0
167,130002381065,DEGUIMAR APARECIDA DE SOUZA,MG,IPATINGA,VEREADOR,REPUBLICANOS,FEMININO,SUPERIOR COMPLETO,PARDA,OUTROS,1363.0500000000002
168,130001905260,QUEZIA ROCHA EVANGELISTA,MG,IPATINGA,VEREADOR,PRD,FEMININO,ENSINO MÉDIO COMPLETO,BRANCA,VENDEDOR DE COMÉRCIO VAREJISTA E ATACADISTA,0.0
169,130002160363,USÂNIA APARECIDA GOMES,MG,IPATINGA,VEREADOR,PT,FEMININO,SUPERIOR COMPLETO,PRETA,ASSISTENTE SOCIAL,0.0
170,130002166099,HERALDO ROCHA FILHO,MG,IPATINGA,VEREADOR,PRTB,MASCULINO,ENSINO FUNDAMENTAL INCOMPLETO,PARDA,OUTROS,0.0
171,130002160366,LEONARDO PATRICK SOUZA SILVA,MG,IPATINGA,VEREADOR,PT,MASCULINO,SUPERIOR COMPLETO,INDÍGENA,CIENTISTA POLÍTICO,0.0
172,130002161861,JOAO PAULO BARBOSA PORTELA DORNELES,MG,IPATINGA,VEREADOR,MOBILIZA,MASCULINO,ENSINO MÉDIO COMPLETO,PARDA,OUTROS,172000.0
173,130002300647,FLAVIO JOSE SILVA PINTO,MG,IPATINGA,VEREADOR,REDE,MASCULINO,ENSINO MÉDIO COMPLETO,BRANCA,COMERCIANTE,0.0
174,130002210898,JOAO CRISOSTOMO DOS PASSOS,MG,IPATINGA,VEREADOR,PDT,MASCULINO,ENSINO FUNDAMENTAL INCOMPLETO,BRANCA,APOSENTADO (EXCETO SERVIDOR PÚBLICO),11500.0
175,130001934780,GILMAR DOS ANJOS ARAUJO,MG,IPATINGA,VEREADOR,UNIÃO,MASCULINO,ENSINO MÉDIO COMPLETO,PARDA,"CORRETOR DE IMÓVEIS, SEGUROS, TÍTULOS E VALORES",0.0
176,130002211856,ENEIAS VAZ DE SOUZA,MG,IPATINGA,VEREADOR,PL,MASCULINO,ENSINO MÉDIO COMPLETO,PARDA,OUTROS,77668.01
177,130001921581,ALESSANDRA SILVA RIBEIRO,MG,IPATINGA,PREFEITO,PRD,FEMININO,SUPERIOR COMPLETO,BRANCA,ADVOGADO,1206000.0
178,130001916286,ROSENI LOPES JERÔNIMO,MG,IPATINGA,VEREADOR,DC,FEMININO,ENSINO FUNDAMENTAL INCOMPLETO,PRETA,SERVIDOR PÚBLICO MUNICIPAL,0.0
179,130002300194,GISLAINE CARLOS DE OLIVEIRA,MG,IPATINGA,VEREADOR,AVANTE,FEMININO,ENSINO FUNDAMENTAL INCOMPLETO,BRANCA,OUTROS,0.0
180,130001979076,WAGNER ALVARENGA SIMÕES,MG,IPATINGA,VEREADOR,REPUBLICANOS,MASCULINO,SUPERIOR COMPLETO,BRANCA,POLICIAL MILITAR,444394.91
181,130001905249,TIAGO ALVES DA SILVA,MG,IPATINGA,VEREADOR,PRD,MASCULINO,ENSINO MÉDIO COMPLETO,PARDA,MOTORISTA PARTICULAR,0.0
182,130002009651,CLEIDMAR FERREIRA EDUARDO,MG,IPATINGA,VEREADOR,PP,FEMININO,ENSINO MÉDIO COMPLETO,PARDA,APOSENTADO (EXCETO SERVIDOR PÚBLICO),330000.65
183,130002162222,MARCOS DE OLIVEIRA GOMES,MG,IPATINGA,VEREADOR,PMB,MASCULINO,SUPERIOR COMPLETO,PRETA,MÚSICO,159215.4
184,130002162211,NALDO JOSE SOARES,MG,IPATINGA,VEREADOR,PMB,MASCULINO,SUPERIOR COMPLETO,BRANCA,OUTROS,62900.0
185,130002161856,DENER JUDSON DE SOUZA,MG,IPATINGA,VEREADOR,MOBILIZA,MASCULINO,SUPERIOR COMPLETO,PARDA,OUTROS,0.0
186,130002379345,ELOI VASCONCELOS LUCIANO,MG,IPATINGA,VEREADOR,PSDB,MASCULINO,SUPERIOR COMPLETO,PARDA,ADVOGADO,140000.0
187,130001934784,MARIA APARECIDA DE OLIVEIRA FLORENTINO,MG,IPATINGA,VEREADOR,UNIÃO,FEMININO,ENSINO MÉDIO COMPLETO,PRETA,"CABELEIREIRO, BARBEIRO, MANICURE, MAQUILADOR, ESTETICISTA E MASSAGISTA",18396.88
188,130002210890,JOSUÉ MACHADO DA VITORIA,MG,IPATINGA,VEREADOR,PDT,MASCULINO,ENSINO FUNDAMENTAL COMPLETO,PARDA,COMERCIÁRIO,0.0
189,130002161853,JORGE DE SOUZA PINTO,MG,IPATINGA,VEREADOR,MOBILIZA,MASCULINO,SUPERIOR COMPLETO,PARDA,APOSENTADO (EXCETO SERVIDOR PÚBLICO),540582.0
190,130002160367,APARECIDA DE FÁTIMA LUIZ DE ANDRADE,MG,IPATINGA,VEREADOR,PT,FEMININO,SUPERIOR COMPLETO,PRETA,OUTROS,0.0
191,130002160698,FERNANDO FERREIRA DE CASTRO,MG,IPATINGA,VEREADOR,CIDADANIA,MASCULINO,ENSINO MÉDIO COMPLETO,BRANCA,EMPRESÁRIO,163113.39
192,130002300193,CORNELIO DA SILVA,MG,IPATINGA,VEREADOR,AVANTE,MASCULINO,ENSINO MÉDIO COMPLETO,BRANCA,APOSENTADO (EXCETO SERVIDOR PÚBLICO),15000.0
193,130002166105,MARTA RODRIGUES DA PAZ VIEIRA,MG,IPATINGA,VEREADOR,PRTB,FEMININO,ENSINO FUNDAMENTAL COMPLETO,PRETA,EMPREGADO DOMÉSTICO,0.0
194,130002165927,NOE PEDRO,MG,IPATINGA,VICE-PREFEITO,PRTB,MASCULINO,ENSINO FUNDAMENTAL COMPLETO,PRETA,ELETRICISTA E ASSEMELHADOS,560000.0
195,130002009653,ROSIMAR SODRE DORESTE QUIRINO,MG,IPATINGA,VEREADOR,PP,FEMININO,ENSINO FUNDAMENTAL INCOMPLETO,PARDA,OUTROS,12.7
196,130002009650,VANDERSON JOSE DA SILVA,MG,IPATINGA,VEREADOR,PP,MASCULINO,ENSINO MÉDIO COMPLETO,PARDA,MOTORISTA PARTICULAR,104335.32
197,130002211850,EUSSILENE ALVES DOS SANTOS FURTADO,MG,IPATINGA,VEREADOR,PL,FEMININO,ENSINO MÉDIO COMPLETO,PARDA,SERVIDOR PÚBLICO MUNICIPAL,0.0
198,130002211854,ADILSON RODRIGUES PEGO,MG,IPATINGA,VEREADOR,PL,MASCULINO,ENSINO MÉDIO COMPLETO,PARDA,OUTROS,474000.0
199,130002042285,CLINTON OTONNIA ARAUJO,MG,IPATINGA,VICE-PREFEITO,PRTB,MASCULINO,ENSINO MÉDIO COMPLETO,PARDA,OUTROS,150000.0
200,130002211229,ANSELMO JOSE DA SILVA,MG,IPATINGA,VEREADOR,PSB,MASCULINO,ENSINO MÉDIO COMPLETO,BRANCA,"TÉCNICO CONTABILIDADE, ESTATÍSTICA, ECONOMIA DOMÉSTICA E ADMINISTRAÇÃO",139900.0
201,130001916272,WALDECY INÁCIO DO CARMO,MG,IPATINGA,VEREADOR,DC,MASCULINO,ENSINO MÉDIO COMPLETO,PARDA,EMPRESÁRIO,297504.34
202,130002160369,DANIEL GUEDES SOARES,MG,IPATINGA,VEREADOR,PV,MASCULINO,SUPERIOR COMPLETO,PARDA,VEREADOR,125660.65
203,130001905272,HERMINIO BERNARDO DA SILVA,MG,IPATINGA,VEREADOR,NOVO,MASCULINO,ENSINO MÉDIO COMPLETO,BRANCA,VEREADOR,83440.54000000001
204,130001905263,JOSÉ GERALDO DE BARROS,MG,IPATINGA,VEREADOR,PRD,MASCULINO,ENSINO MÉDIO COMPLETO,BRANCA,APOSENTADO (EXCETO SERVIDOR PÚBLICO),0.0
205,130001916273,CHRISTIANO HENRIQUE PIRES LACERDA,MG,IPATINGA,VEREADOR,DC,MASCULINO,SUPERIOR COMPLETO,BRANCA,ADVOGADO,160383.81
206,130002160697,FRANCISCO DE ASSIS BATISTA,MG,IPATINGA,VEREADOR,CIDADANIA,MASCULINO,LÊ E ESCREVE,PARDA,COMERCIANTE,0.0
207,130002302349,MARIA MARLETE ARAUJO BARBOSA,MG,IPATINGA,VEREADOR,AGIR,FEMININO,ENSINO MÉDIO COMPLETO,BRANCA,SERVIDOR PÚBLICO MUNICIPAL,18000.0
208,130001979073,SAULO DE TARSO SILVA,MG,IPATINGA,VEREADOR,REPUBLICANOS,MASCULINO,SUPERIOR COMPLETO,PARDA,OUTROS,180411.82
209,130002042318,NARDYELLO ROCHA DE OLIVEIRA,MG,IPATINGA,PREFEITO,PSB,MASCULINO,SUPERIOR COMPLETO,PRETA,APOSENTADO (EXCETO SERVIDOR PÚBLICO),595000.0
210,130002211216,DIVINO SILVIO DE ANDRADE,MG,IPATINGA,VEREADOR,PSB,MASCULINO,ENSINO MÉDIO COMPLETO,PARDA,VIGILANTE,0.0
211,130002211847,MARCIANO ANGELO BARBOSA ARAUJO,MG,IPATINGA,VEREADOR,PL,MASCULINO,SUPERIOR COMPLETO,PARDA,OUTROS,820000.0
212,130002211851,AGNALDO FORTUNATO RAMOS,MG,IPATINGA,VEREADOR,PL,MASCULINO,ENSINO MÉDIO COMPLETO,PARDA,OUTROS,285000.0
213,130001905271,MARCELO FERREIRA LIMA,MG,IPATINGA,VEREADOR,NOVO,MASCULINO,ENSINO FUNDAMENTAL INCOMPLETO,BRANCA,MOTORISTA DE VEÍCULOS DE TRANSPORTE DE CARGA,0.0
214,130002160365,ELCIO NUNES DE MORAIS,MG,IPATINGA,VEREADOR,PT,MASCULINO,ENSINO MÉDIO INCOMPLETO,BRANCA,"CORRETOR DE IMÓVEIS, SEGUROS, TÍTULOS E VALORES",0.0
215,130002300199,DEBORA GOMES DA SILVEIRA PASSOS,MG,IPATINGA,VEREADOR,AVANTE,FEMININO,ENSINO MÉDIO COMPLETO,PARDA,TÉCNICO DE ENFERMAGEM E ASSEMELHADOS (EXCETO ENFERMEIRO),15840.0
216,130001979064,EUZA MARIA CARVALHO CAMPOS,MG,IPATINGA,VEREADOR,REPUBLICANOS,FEMININO,SUPERIOR INCOMPLETO,PARDA,OUTROS,13354.0
217,130002160696,RENATO ALVES CORREA,MG,IPATINGA,VEREADOR,CIDADANIA,MASCULINO,SUPERIOR INCOMPLETO,PARDA,APOSENTADO (EXCETO SERVIDOR PÚBLICO),0.0
218,130001934787,KLISHMANN LOPES FRANCO,MG,IPATINGA,VEREADOR,UNIÃO,MASCULINO,SUPERIOR INCOMPLETO,PARDA,"ESTUDANTE, BOLSISTA, ESTAGIÁRIO E ASSEMELHADOS",52275.88
219,130001905251,KÊNIA VANESSA GONCALVES BARROS,MG,IPATINGA,VEREADOR,PRD,FEMININO,ENSINO MÉDIO COMPLETO,PARDA,GARÇOM,0.0
220,130001905248,ALEXSANDRO FERNANDES DE ARAÚJO,MG,IPATINGA,VEREADOR,PRD,MASCULINO,ENSINO MÉDIO COMPLETO,BRANCA,MOTORISTA DE VEÍCULOS DE TRANSPORTE DE CARGA,0.0
221,130002161863,NIVALDO ANTÔNIO DA SILVA,MG,IPATINGA,VEREADOR,MOBILIZA,MASCULINO,ENSINO MÉDIO COMPLETO,PARDA,VEREADOR,10000.0
222,130002300198,WILIAM SILVA LACERDA,MG,IPATINGA,VEREADOR,AVANTE,MASCULINO,SUPERIOR COMPLETO,PARDA,PROFESSOR DE ENSINO FUNDAMENTAL,7000.0
223,130001905267,JOSÉ RONALDO BATISTA RIBEIRO,MG,IPATINGA,VEREADOR,PRD,MASCULINO,SUPERIOR COMPLETO,BRANCA,POLICIAL MILITAR,0.0
224,130002301620,FLAVIO ELIAS DE AZEVEDO,MG,IPATINGA,VEREADOR,MDB,MASCULINO,ENSINO MÉDIO COMPLETO,BRANCA,APOSENTADO (EXCETO SERVIDOR PÚBLICO),49074.42
225,130002301625,ROMINALDA FATIMA DE PAULA,MG,IPATINGA,VEREADOR,MDB,FEMININO,ENSINO FUNDAMENTAL COMPLETO,PARDA,OUTROS,0.0
226,130002211842,TEREZINHA DAS GRACAS SANTOS,MG,IPATINGA,VEREADOR,PL,FEMININO,SUPERIOR COMPLETO,PARDA,APOSENTADO (EXCETO SERVIDOR PÚBLICO),11387.599999999999
227,130001934791,JOÃO VIEIRA DE CARVALHO,MG,IPATINGA,VEREADOR,UNIÃO,MASCULINO,ENSINO FUNDAMENTAL COMPLETO,BRANCA,OUTROS,4000.0
228,130002210903,DANIEL CRISTIANO SOUZA,MG,IPATINGA,VEREADOR,PDT,MASCULINO,SUPERIOR COMPLETO,PRETA,ATLETA PROFISSIONAL E TÉCNICO EM DESPORTOS,150000.0
229,130001979071,DEIVISSON FELICIANO FROES SOUZA,MG,IPATINGA,VEREADOR,REPUBLICANOS,MASCULINO,SUPERIOR INCOMPLETO,PARDA,EMPRESÁRIO,576594.24
230,130001979081,ZACARIAS ALMEIDA DOS SANTOS,MG,IPATINGA,VEREADOR,REPUBLICANOS,MASCULINO,ENSINO MÉDIO COMPLETO,PARDA,AGENTE ADMINISTRATIVO,600000.0
231,130002160694,IDELVANE GONÇALVES SANTANA,MG,IPATINGA,VEREADOR,PSDB,FEMININO,ENSINO MÉDIO COMPLETO,PARDA,MANICURE E MAQUILADOR,398000.0
232,130002302348,MARIA ROSIANI DE SOUZA,MG,IPATINGA,VEREADOR,AGIR,FEMININO,SUPERIOR COMPLETO,PARDA,PROFESSOR E INSTRUTOR DE FORMAÇÃO PROFISSIONAL,0.0
233,130002166100,ERIVALTON MARTINS PEREIRA,MG,IPATINGA,VEREADOR,PRTB,MASCULINO,ENSINO FUNDAMENTAL INCOMPLETO,BRANCA,APOSENTADO (EXCETO SERVIDOR PÚBLICO),0.0
234,130002161858,JESUS DIAS DE ALMEIDA,MG,IPATINGA,VEREADOR,MOBILIZA,MASCULINO,ENSINO MÉDIO COMPLETO,PRETA,OUTROS,6000.0
235,130002160361,QUARINA ROBERTA DE AMORIM,MG,IPATINGA,VEREADOR,PT,FEMININO,SUPERIOR COMPLETO,PRETA,PROFESSOR DE ENSINO FUNDAMENTAL,267000.0
236,130002162221,EBER VIEIRA DE ABREU,MG,IPATINGA,VEREADOR,PMB,MASCULINO,ENSINO MÉDIO COMPLETO,PARDA,EMPRESÁRIO,0.0
237,130002379435,PRISCILA RAQUEL HENRIQUES GOMES MARIALVA,MG,IPATINGA,VICE-PREFEITO,PRTB,FEMININO,SUPERIOR COMPLETO,BRANCA,OUTROS,50000.0
238,130002210889,VALDIVINO RIBEIRO LACERDA,MG,IPATINGA,VEREADOR,PDT,MASCULINO,ENSINO FUNDAMENTAL INCOMPLETO,PARDA,TRABALHADOR DE CONSTRUÇÃO CIVIL,60000.0
239,130002162216,REGINALDO MACHADO DE SOUZA,MG,IPATINGA,VEREADOR,PMB,MASCULINO,ENSINO FUNDAMENTAL COMPLETO,BRANCA,MOTORISTA PARTICULAR,0.0
240,130001905254,TÂNIA GERALDA SILVA GOMES,MG,IPATINGA,VEREADOR,PRD,FEMININO,SUPERIOR COMPLETO,PRETA,POLICIAL MILITAR,0.0
241,130002166097,NIVALDO SCHMIEDEL DA SILVA,MG,IPATINGA,VEREADOR,PRTB,MASCULINO,SUPERIOR COMPLETO,PARDA,OUTROS,17951.0
242,130002302336,ERIVALDO DA MATA SOARES,MG,IPATINGA,VEREADOR,AGIR,MASCULINO,ENSINO MÉDIO COMPLETO,PARDA,OUTROS,285000.0
243,130002300197,JOSE DOS SANTOS REIS,MG,IPATINGA,VEREADOR,AVANTE,MASCULINO,ENSINO MÉDIO COMPLETO,PRETA,VEREADOR,0.0
244,130002300652,ROBERTINO MEDEIROS FILHOS,MG,IPATINGA,VEREADOR,REDE,MASCULINO,ENSINO MÉDIO COMPLETO,PARDA,PUBLICITÁRIO,0.0
245,130002160364,LETICIA LOURENÇO DE OLIVEIRA,MG,IPATINGA,VEREADOR,PT,FEMININO,SUPERIOR COMPLETO,BRANCA,OUTROS,0.0
246,130002161857,MARIA DAS GRAÇAS ALMEIDA,MG,IPATINGA,VEREADOR,MOBILIZA,FEMININO,ENSINO FUNDAMENTAL INCOMPLETO,PARDA,CANTOR E COMPOSITOR,410000.0
247,130002009642,ANTONIO CARLOS DA SILVA,MG,IPATINGA,VEREADOR,PP,MASCULINO,ENSINO FUNDAMENTAL COMPLETO,PRETA,APOSENTADO (EXCETO SERVIDOR PÚBLICO),818000.0
248,130002211840,WARLEY GERALDO SILVA,MG,IPATINGA,VEREADOR,PL,MASCULINO,SUPERIOR COMPLETO,PARDA,POLICIAL MILITAR,694976.96
249,130002161859,ANA LUIZA COSTA SANTOS,MG,IPATINGA,VEREADOR,MOBILIZA,FEMININO,SUPERIOR COMPLETO,PRETA,ODONTÓLOGO,0.0
250,130001905286,LEDVANIA CHAVES RIBEIRO,MG,IPATINGA,VEREADOR,NOVO,FEMININO,SUPERIOR COMPLETO,PARDA,ADMINISTRADOR,1259355.8
251,130001905265,DAVID SANTA RITA MASCARENHA,MG,IPATINGA,VEREADOR,PRD,MASCULINO,ENSINO MÉDIO COMPLETO,PARDA,MOTORISTA PARTICULAR,0.0
252,130002160357,HELIO WILLIAM CIMINI MARTINS FARIA,MG,IPATINGA,VEREADOR,PT,MASCULINO,SUPERIOR COMPLETO,BRANCA,ADVOGADO,0.0
253,130001905283,ELIZA SOARES DE MELO,MG,IPATINGA,VEREADOR,NOVO,FEMININO,SUPERIOR COMPLETO,BRANCA,ADVOGADO,180000.0
254,130002162214,GERSON SANTOS PEREIRA,MG,IPATINGA,VEREADOR,PMB,MASCULINO,SUPERIOR COMPLETO,PRETA,OUTROS,143566.27
255,130001979082,JOSE DO CARMO VENTURA,MG,IPATINGA,VEREADOR,REPUBLICANOS,MASCULINO,ENSINO FUNDAMENTAL INCOMPLETO,PRETA,OUTROS,271.21
256,130002160691,DULCE FERREIRA DE ARAÚJO FILHA,MG,IPATINGA,VEREADOR,PSDB,FEMININO,ENSINO MÉDIO INCOMPLETO,PARDA,APOSENTADO (EXCETO SERVIDOR PÚBLICO),0.0
257,130002009641,WANER DE LIMA RIBEIRO,MG,IPATINGA,VEREADOR,PP,MASCULINO,ENSINO MÉDIO COMPLETO,PARDA,OUTROS,6000.0
258,130002166107,ALEXANDRO FRANCISCO DOS SANTOS,MG,IPATINGA,VEREADOR,PRTB,FEMININO,ENSINO FUNDAMENTAL COMPLETO,PARDA,COZINHEIRO,0.0
259,130002211222,MARIA APARECIDA PINTO,MG,IPATINGA,VEREADOR,PSB,FEMININO,SUPERIOR COMPLETO,BRANCA,APOSENTADO (EXCETO SERVIDOR PÚBLICO),0.0
260,130001934790,CARLOS HERMELINDO DA SILVA,MG,IPATINGA,VEREADOR,UNIÃO,MASCULINO,ENSINO MÉDIO COMPLETO,PARDA,COMERCIANTE,15000.0
261,130002210897,ANTONIO GERALDO BENEDITO,MG,IPATINGA,VEREADOR,PDT,MASCULINO,SUPERIOR INCOMPLETO,PARDA,REPRESENTANTE COMERCIAL,980000.0
262,130001963821,MARIENE PATRÍCIA RODRIGUES,MG,IPATINGA,VICE-PREFEITO,REPUBLICANOS,FEMININO,SUPERIOR COMPLETO,BRANCA,PROFESSOR DE ENSINO FUNDAMENTAL,30395.35
263,130002009643,FERNANDO MENDES GOMES,MG,IPATINGA,VEREADOR,PP,MASCULINO,ENSINO MÉDIO COMPLETO,PARDA,EMPRESÁRIO,15394.94
264,130001905281,JORGE TANIGUCHI,MG,IPATINGA,VEREADOR,NOVO,MASCULINO,SUPERIOR COMPLETO,AMARELA,ENGENHEIRO,771000.0
265,130002009646,BRUNO CANDIDO DE OLIVEIRA,MG,IPATINGA,VEREADOR,PP,MASCULINO,ENSINO MÉDIO COMPLETO,BRANCA,EMPRESÁRIO,147520.75
266,130002300655,EDVALDO ALVES DE ARAUJO,MG,IPATINGA,VEREADOR,REDE,MASCULINO,ENSINO MÉDIO COMPLETO,PARDA,APOSENTADO (EXCETO SERVIDOR PÚBLICO),0.0
267,130002160692,JOSE ANTONIO DE CAMPOS,MG,IPATINGA,VEREADOR,CIDADANIA,MASCULINO,ENSINO MÉDIO INCOMPLETO,BRANCA,COMERCIANTE,0.0
268,130002379346,ERIKA ANDRADE AGUIAR CONTÃO,MG,IPATINGA,VEREADOR,CIDADANIA,FEMININO,ENSINO MÉDIO COMPLETO,PARDA,COMERCIANTE,0.0
269,130002160690,ARTHUR BLANK CAMPOS BARBOSA,MG,IPATINGA,VEREADOR,CIDADANIA,MASCULINO,ENSINO MÉDIO COMPLETO,BRANCA,OUTROS,0.0
270,130002211848,LEONARDO CAMPOS SILVA,MG,IPATINGA,VEREADOR,PL,MASCULINO,SUPERIOR COMPLETO,PARDA,ENFERMEIRO,117000.0
271,130001934782,CHARLES RODRIGUES BERNADO,MG,IPATINGA,VEREADOR,UNIÃO,MASCULINO,SUPERIOR INCOMPLETO,PARDA,OUTROS,2543.0
272,130002210906,EDELZUITA FERREIRA DA CRUZ,MG,IPATINGA,VEREADOR,PDT,FEMININO,ENSINO MÉDIO COMPLETO,PRETA,COMERCIANTE,25000.0
273,130001934776,OSIEL GOMES DE OLIVEIRA,MG,IPATINGA,VEREADOR,UNIÃO,MASCULINO,ENSINO MÉDIO COMPLETO,PRETA,FRENTISTA,50878.6
274,130002211220,MARCOS FAYLOR ALVES,MG,IPATINGA,VEREADOR,PSB,MASCULINO,SUPERIOR COMPLETO,PARDA,ENFERMEIRO,12000.0
275,130002166098,GLEISON PIRES BARBOSA,MG,IPATINGA,VEREADOR,PRTB,MASCULINO,ENSINO MÉDIO COMPLETO,PRETA,OUTROS,0.0
276,130002301621,PATRICIA GONCALVES DE FARIA,MG,IPATINGA,VEREADOR,MDB,FEMININO,SUPERIOR INCOMPLETO,BRANCA,OUTROS,0.0
277,130002302334,FELIPE FREITAS LEMOS DE BRITO,MG,IPATINGA,VEREADOR,AGIR,MASCULINO,ENSINO MÉDIO COMPLETO,PARDA,OUTROS,0.0
278,130002300188,ROBERTO SILVA SOARES,MG,IPATINGA,VEREADOR,AVANTE,MASCULINO,SUPERIOR COMPLETO,PARDA,EMPRESÁRIO,115000.0
279,130002211225,ROSILANE RODRIGUES DA SILVA,MG,IPATINGA,VEREADOR,PSB,FEMININO,ENSINO MÉDIO COMPLETO,PARDA,"VENDEDOR PRACISTA, REPRESENTANTE, CAIXEIRO-VIAJANTE E ASSEMELHADOS",0.0
280,130002211226,ENIO FREDERICO NEUBANER,MG,IPATINGA,VEREADOR,PSB,MASCULINO,ENSINO MÉDIO INCOMPLETO,PARDA,APOSENTADO (EXCETO SERVIDOR PÚBLICO),0.0
281,130002381064,GERALDO ILDEO FRANCO,MG,IPATINGA,VEREADOR,PP,MASCULINO,SUPERIOR COMPLETO,BRANCA,OUTROS,2830000.0
282,130001916285,WALTER DE ALMEIDA BARBOSA,MG,IPATINGA,VEREADOR,DC,MASCULINO,ENSINO MÉDIO COMPLETO,BRANCA,APOSENTADO (EXCETO SERVIDOR PÚBLICO),349006.87
283,130002166103,LAUDICEIA GOMES BARBOSA FARIAS,MG,IPATINGA,VEREADOR,PRTB,FEMININO,SUPERIOR COMPLETO,PARDA,OUTROS,340000.0
284,130001905264,RUTH MARTHA PEREIRA,MG,IPATINGA,VEREADOR,PRD,FEMININO,ENSINO MÉDIO COMPLETO,BRANCA,COZINHEIRO,0.0
285,130002161862,GERSON RAMOS DO NASCIMENTO,MG,IPATINGA,VEREADOR,MOBILIZA,MASCULINO,ENSINO FUNDAMENTAL COMPLETO,BRANCA,OUTROS,15000.0
286,130002160704,ERIKA VIEGAS DO NASCIMENTO,MG,IPATINGA,VEREADOR,CIDADANIA,FEMININO,SUPERIOR COMPLETO,PARDA,OUTROS,39456.0
287,130002009658,ENEIDA APARECIDA MORAIS SILVA,MG,IPATINGA,VEREADOR,PP,FEMININO,SUPERIOR COMPLETO,PARDA,EMPRESÁRIO,520508.98
288,130001979065,GREICE KILL CASTRO,MG,IPATINGA,VEREADOR,REPUBLICANOS,FEMININO,SUPERIOR COMPLETO,BRANCA,PEDAGOGO,84.88
289,130002161860,SAUDEMES LINO NEVES,MG,IPATINGA,VEREADOR,MOBILIZA,MASCULINO,ENSINO MÉDIO COMPLETO,PARDA,OUTROS,40000.0
290,130002301613,FLAVIA BRANDAO MOREIRA LOPES,MG,IPATINGA,VEREADOR,MDB,FEMININO,SUPERIOR COMPLETO,BRANCA,"CORRETOR DE IMÓVEIS, SEGUROS, TÍTULOS E VALORES",137000.0
291,130002211846,ELIZANGELA DO CARMO BARROSO,MG,IPATINGA,VEREADOR,PL,FEMININO,SUPERIOR COMPLETO,PARDA,ENFERMEIRO,25892.35
292,130002210904,LUÃ TARSO FERREIRA,MG,IPATINGA,VEREADOR,PDT,MASCULINO,SUPERIOR INCOMPLETO,PRETA,PUBLICITÁRIO,0.0
293,130002211855,BRUNO FERREIRA DE SOUSA,MG,IPATINGA,VEREADOR,PL,MASCULINO,SUPERIOR COMPLETO,PARDA,EMPRESÁRIO,22000.0
294,130001905252,MARCELO FERREIRA LOPES,MG,IPATINGA,VEREADOR,PRD,MASCULINO,ENSINO MÉDIO COMPLETO,PRETA,LOCUTOR E COMENTARISTA DE RÁDIO E TELEVISÃO E RADIALISTA,0.0
295,130002302341,ROBSON GUALBERTO DA COSTA,MG,IPATINGA,VEREADOR,AGIR,MASCULINO,SUPERIOR COMPLETO,PARDA,OUTROS,0.0
296,130002301617,MANOEL COSTA DOS SANTOS,MG,IPATINGA,VEREADOR,MDB,MASCULINO,ENSINO FUNDAMENTAL INCOMPLETO,PARDA,APOSENTADO (EXCETO SERVIDOR PÚBLICO),0.0
297,130002160702,PAULA CRISTINA ALVES FRANCO,MG,IPATINGA,VEREADOR,CIDADANIA,FEMININO,SUPERIOR COMPLETO,BRANCA,PROFESSOR DE ENSINO FUNDAMENTAL,0.0
298,130002301627,WALISSON GOMES DUTRA,MG,IPATINGA,VEREADOR,MDB,MASCULINO,ENSINO MÉDIO COMPLETO,BRANCA,REPRESENTANTE COMERCIAL,0.0
299,130001934775,CELI SILVA ROSA PINHEIRO,MG,IPATINGA,VEREADOR,UNIÃO,FEMININO,SUPERIOR COMPLETO,PARDA,ASSISTENTE SOCIAL,457771.89
300,130002211228,INDIANARA FIDEL FRAGA,MG,IPATINGA,VEREADOR,PSB,FEMININO,SUPERIOR COMPLETO,BRANCA,PROFESSOR E INSTRUTOR DE FORMAÇÃO PROFISSIONAL,0.0
301,130002381437,GENTILINA LAURINDO DE AZEVEDO,MG,IPATINGA,VEREADOR,CIDADANIA,FEMININO,LÊ E ESCREVE,PARDA,APOSENTADO (EXCETO SERVIDOR PÚBLICO),0.0
302,130001916284,MARCELO DE SOUZA ASSIS,MG,IPATINGA,VEREADOR,DC,MASCULINO,SUPERIOR COMPLETO,BRANCA,POLICIAL CIVIL,512622.16
303,130002162210,ADIEL FERNANDES DE OLIVEIRA,MG,IPATINGA,VEREADOR,PMB,MASCULINO,ENSINO MÉDIO COMPLETO,PARDA,VEREADOR,373471.48
304,130001905276,ANA LUCIA MATOS PASCHOAL,MG,IPATINGA,VEREADOR,NOVO,FEMININO,ENSINO MÉDIO COMPLETO,BRANCA,SERVIDOR PÚBLICO CIVIL APOSENTADO,520029.41000000003
305,130001979069,AMANDA CUSTODIA ROSA DA SILVA,MG,IPATINGA,VEREADOR,REPUBLICANOS,FEMININO,SUPERIOR INCOMPLETO,PARDA,"SECRETÁRIO,ESTENÓGRAFO,DATILÓGRAFO,RECEPCIONISTA,TELEFONISTA,TAQUÍGRAF",2265.25
306,130001979077,JOSSIE BATISTA DA SILVA,MG,IPATINGA,VEREADOR,REPUBLICANOS,MASCULINO,ENSINO MÉDIO COMPLETO,PARDA,DECORADOR,150645.72
307,130002302337,LEMOEL DE SOUZA PARADELA,MG,IPATINGA,VEREADOR,AGIR,MASCULINO,ENSINO FUNDAMENTAL COMPLETO,PARDA,SACERDOTE OU MEMBRO DE ORDEM OU SEITA RELIGIOSA,0.0
308,130002160368,EDNA DA SILVA MOTA,MG,IPATINGA,VEREADOR,PV,FEMININO,ENSINO FUNDAMENTAL INCOMPLETO,BRANCA,OUTROS,0.0
309,130002166104,GIVALDO ARSENIO DE MENEZES,MG,IPATINGA,VEREADOR,PRTB,MASCULINO,ENSINO MÉDIO COMPLETO,PARDA,MOTORISTA DE VEÍCULOS DE TRANSPORTE COLETIVO DE PASSAGEIROS,252000.0
310,130002300205,LEONARDO BATISTA,MG,IPATINGA,VEREADOR,AVANTE,MASCULINO,ENSINO MÉDIO COMPLETO,BRANCA,CANTOR E COMPOSITOR,0.0
311,130002160701,ELIAS ARCANJO DE SÁ,MG,IPATINGA,VEREADOR,CIDADANIA,MASCULINO,ENSINO FUNDAMENTAL INCOMPLETO,PARDA,"ENCANADOR,SOLDADOR,CHAPEADOR,CALDEIREIRO,MONTADOR DE ESTRUTURA METÁLIC",15000.0
312,130002162226,MARCELA PEREIRA SILVA,MG,IPATINGA,VEREADOR,PMB,FEMININO,ENSINO MÉDIO COMPLETO,PARDA,VENDEDOR DE COMÉRCIO VAREJISTA E ATACADISTA,0.0
313,130001934777,ADALTON PEREIRA FRANCISCO,MG,IPATINGA,VEREADOR,UNIÃO,MASCULINO,ENSINO MÉDIO INCOMPLETO,PRETA,ELETRICISTA E ASSEMELHADOS,18760.0
314,130002042319,JULIANO NOGUEIRA MORAIS,MG,IPATINGA,VICE-PREFEITO,PSB,MASCULINO,SUPERIOR COMPLETO,BRANCA,MÉDICO,415205.0
315,130002376570,PABLO HENRIQUE HUDSON DE SOUZA,MG,IPATINGA,VEREADOR,NOVO,MASCULINO,SUPERIOR INCOMPLETO,BRANCA,INDUSTRIAL,1800.0
316,130002162219,SARA DAMARIS VIEIRA DO CARMO,MG,IPATINGA,VEREADOR,PMB,FEMININO,ENSINO MÉDIO COMPLETO,PARDA,OUTROS,1728.55
317,130002166111,WELSON VIEIRA SIMOES,MG,IPATINGA,VEREADOR,PRTB,MASCULINO,ENSINO MÉDIO COMPLETO,BRANCA,LOCUTOR E COMENTARISTA DE RÁDIO E TELEVISÃO E RADIALISTA,0.0
318,130002161850,ADRIANA LOPES DA SILVA,MG,IPATINGA,VEREADOR,MOBILIZA,FEMININO,ENSINO MÉDIO COMPLETO,BRANCA,OUTROS,0.0
319,130002161852,JEAN RODRIGUES PEREIRA,MG,IPATINGA,VEREADOR,MOBILIZA,MASCULINO,ENSINO MÉDIO COMPLETO,PARDA,OUTROS,50000.0
320,130002160700,ITAMAR FIALHO DE SOUZA,MG,IPATINGA,VEREADOR,CIDADANIA,MASCULINO,ENSINO MÉDIO COMPLETO,BRANCA,APOSENTADO (EXCETO SERVIDOR PÚBLICO),0.0
321,130001916291,CLEUILDSON VASCONCELOS DE ALMEIDA,MG,IPATINGA,VEREADOR,DC,MASCULINO,ENSINO MÉDIO COMPLETO,PRETA,PUBLICITÁRIO,133000.0
322,130001979078,MARLUCIO NEGRO DA SILVA,MG,IPATINGA,VEREADOR,REPUBLICANOS,MASCULINO,ENSINO FUNDAMENTAL COMPLETO,BRANCA,OUTROS,350000.0
323,130002300654,MARIA FERNANDES SILVA E SILVA,MG,IPATINGA,VEREADOR,REDE,FEMININO,ENSINO MÉDIO INCOMPLETO,PARDA,APOSENTADO (EXCETO SERVIDOR PÚBLICO),0.0
324,130002301626,WILIAM DE ARAUJO,MG,IPATINGA,VEREADOR,MDB,MASCULINO,ENSINO FUNDAMENTAL COMPLETO,PARDA,OUTROS,0.0
325,130002211219,LIDIA TURIBIO DA SILVA,MG,IPATINGA,VEREADOR,PSB,FEMININO,ENSINO FUNDAMENTAL COMPLETO,PARDA,ARTESÃO,20000.0
326,130001963820,HELENO MARCIO DE MELO BOY,MG,IPATINGA,PREFEITO,PP,MASCULINO,ENSINO MÉDIO COMPLETO,BRANCA,EMPRESÁRIO,1168730.21
327,130001905268,JOAO CARLOS SANTANA,MG,IPATINGA,VEREADOR,NOVO,MASCULINO,ENSINO MÉDIO COMPLETO,PARDA,MOTORISTA DE VEÍCULOS DE TRANSPORTE DE CARGA,13000.0
328,130001905273,LUCAS FAGUNDES PINTO,MG,IPATINGA,VEREADOR,NOVO,MASCULINO,SUPERIOR COMPLETO,PARDA,ADVOGADO,6726.86
329,130001905257,STÉFANE LIMA LISBANHO CARDOSO,MG,IPATINGA,VEREADOR,PRD,FEMININO,ENSINO MÉDIO COMPLETO,BRANCA,AGENTE ADMINISTRATIVO,0.0
330,130001979068,DOUGLAS SILVA SIMOES CALDEIRA,MG,IPATINGA,VEREADOR,REPUBLICANOS,MASCULINO,ENSINO FUNDAMENTAL COMPLETO,BRANCA,MOTORISTA PARTICULAR,72.05
331,130001905269,CLAUDIANE OLIVEIRA RIBEIRO,MG,IPATINGA,VEREADOR,NOVO,FEMININO,ENSINO MÉDIO COMPLETO,BRANCA,OUTROS,0.0
332,130001905284,WALDECIR FERREIRA DA SILVA,MG,IPATINGA,VEREADOR,NOVO,MASCULINO,ENSINO FUNDAMENTAL COMPLETO,BRANCA,TABELIÃO,0.0
333,130002009654,SILVIO JOSE DE OLIVEIRA,MG,IPATINGA,VEREADOR,PP,MASCULINO,ENSINO FUNDAMENTAL INCOMPLETO,BRANCA,EMPRESÁRIO,612100.0
334,130002161865,HEIGUIMAN GUIDINE LOPES,MG,IPATINGA,VEREADOR,MOBILIZA,MASCULINO,SUPERIOR COMPLETO,PARDA,OUTROS,100000.0
335,130002009652,SULAMITA FAUSTINA DE OLIVEIRA,MG,IPATINGA,VEREADOR,PP,FEMININO,ENSINO MÉDIO COMPLETO,BRANCA,FAXINEIRO,422300.0
336,130002300659,JOSÉ DO CARMO DA SILVA,MG,IPATINGA,VEREADOR,REDE,MASCULINO,ENSINO MÉDIO COMPLETO,PARDA,OUTROS,0.0
337,130002161864,RAYANE EDEODATO LUCAS,MG,IPATINGA,VEREADOR,MOBILIZA,FEMININO,ENSINO MÉDIO COMPLETO,BRANCA,OUTROS,0.0
338,130002160703,CLAUDIONOR PEREIRA PINHO NETTO,MG,IPATINGA,VEREADOR,CIDADANIA,MASCULINO,SUPERIOR COMPLETO,PARDA,APOSENTADO (EXCETO SERVIDOR PÚBLICO),750000.0
339,130002160688,ADEMIR CLAUDIO DIAS,MG,IPATINGA,VEREADOR,CIDADANIA,MASCULINO,ENSINO MÉDIO COMPLETO,PARDA,VEREADOR,685270.79
340,130002210891,ROBERTO LIMA,MG,IPATINGA,VEREADOR,PDT,MASCULINO,SUPERIOR COMPLETO,PARDA,POLICIAL CIVIL,0.0
341,130001934774,AMARILDO BATISTA NEVES,MG,IPATINGA,VEREADOR,UNIÃO,MASCULINO,ENSINO MÉDIO COMPLETO,PARDA,COMERCIANTE,5000.0
342,130002211227,HEBERT SANTIAGO SILVA,MG,IPATINGA,VEREADOR,PSB,MASCULINO,ENSINO MÉDIO COMPLETO,PRETA,PROFESSOR E INSTRUTOR DE FORMAÇÃO PROFISSIONAL,9000.0
343,130002211230,MARCIO PINHEIRO BARBOZA,MG,IPATINGA,VEREADOR,PSB,MASCULINO,SUPERIOR COMPLETO,BRANCA,ADVOGADO,522000.0
344,130001905255,JAISEL REIS LIMÃO,MG,IPATINGA,VEREADOR,PRD,MASCULINO,ENSINO MÉDIO COMPLETO,PARDA,MOTORISTA PARTICULAR,0.0
345,130001905275,MARCIO VIEIRA,MG,IPATINGA,VEREADOR,NOVO,MASCULINO,SUPERIOR INCOMPLETO,PARDA,MOTORISTA PARTICULAR,16000.0
346,130001916280,LEVI LACERDA CAMPOS,MG,IPATINGA,VEREADOR,DC,MASCULINO,ENSINO FUNDAMENTAL COMPLETO,BRANCA,COMERCIANTE,65000.0
347,130002300206,ADRIANE APARECIDA CARRARO ALVES,MG,IPATINGA,VEREADOR,AVANTE,FEMININO,SUPERIOR COMPLETO,PARDA,PROFESSOR DE ENSINO MÉDIO,62800.0
348,130002302332,GILMAR TEIXEIRA,MG,IPATINGA,VEREADOR,AGIR,MASCULINO,ENSINO MÉDIO COMPLETO,BRANCA,APOSENTADO (EXCETO SERVIDOR PÚBLICO),1131244.7
349,130002210894,MARIA AMELIA DE OLIVEIRA ALMEIDA,MG,IPATINGA,VEREADOR,PDT,FEMININO,SUPERIOR COMPLETO,BRANCA,APOSENTADO (EXCETO SERVIDOR PÚBLICO),80000.0
350,130002210899,ANTONIO MOREIRA RODRIGUES,MG,IPATINGA,VEREADOR,PDT,MASCULINO,ENSINO FUNDAMENTAL INCOMPLETO,PRETA,ELETRICISTA E ASSEMELHADOS,700000.0
351,130002211235,NATALIA LITTIG,MG,IPATINGA,VEREADOR,PSB,FEMININO,SUPERIOR COMPLETO,PARDA,SERVIDOR PÚBLICO ESTADUAL,108389.76000000001
352,130002211844,CRESIO VIEIRA CAMPOS,MG,IPATINGA,VEREADOR,PL,MASCULINO,SUPERIOR COMPLETO,BRANCA,PROFESSOR DE ENSINO SUPERIOR,12101378759.75
353,130002166109,SANDRA SALLES DE OLIVEIRA,MG,IPATINGA,VEREADOR,PRTB,FEMININO,ENSINO MÉDIO INCOMPLETO,PARDA,OUTROS,0.0
354,130002300202,MIGUELITA NERES SANTOS SILVA,MG,IPATINGA,VEREADOR,AVANTE,FEMININO,SUPERIOR COMPLETO,BRANCA,OUTROS,458000.0
355,130002009649,MICHAEL SIMON CARVALHO SILVA,MG,IPATINGA,VEREADOR,PP,MASCULINO,SUPERIOR COMPLETO,PARDA,PROFESSOR DE ENSINO FUNDAMENTAL,71692.03
356,130002300657,CEZAR JÚNIO PEREIRA,MG,IPATINGA,VEREADOR,REDE,MASCULINO,ENSINO FUNDAMENTAL COMPLETO,BRANCA,COMERCIANTE,0.0
357,130002009657,SANDRA REGINA DE VASCONCELLOS,MG,IPATINGA,VEREADOR,PP,FEMININO,ENSINO MÉDIO COMPLETO,PARDA,TÉCNICO DE ENFERMAGEM E ASSEMELHADOS (EXCETO ENFERMEIRO),0.0
358,130001979079,EDNILSON EMERIQUE CALDEIRA,MG,IPATINGA,VEREADOR,REPUBLICANOS,MASCULINO,SUPERIOR COMPLETO,BRANCA,POLICIAL MILITAR,1430625.55
359,130002210907,SEBASTIAO MARTINS DE SOUZA,MG,IPATINGA,VEREADOR,PDT,MASCULINO,SUPERIOR COMPLETO,BRANCA,PROFESSOR DE ENSINO MÉDIO,600000.0
360,130001934783,JOSÉ GERALDO JULIO DE BARROS,MG,IPATINGA,VEREADOR,UNIÃO,MASCULINO,ENSINO MÉDIO COMPLETO,PARDA,OUTROS,302000.0
361,130001934793,NEY ROBSON RIBEIRO,MG,IPATINGA,VEREADOR,UNIÃO,MASCULINO,SUPERIOR COMPLETO,PRETA,VEREADOR,559000.0
362,130001916289,JOSÉ FERREIRA MARTINS,MG,IPATINGA,VEREADOR,DC,MASCULINO,ENSINO MÉDIO COMPLETO,BRANCA,APOSENTADO (EXCETO SERVIDOR PÚBLICO),0.0
363,130002162224,FABIRLENE DE ALMEIDA SANTOS,MG,IPATINGA,VEREADOR,PMB,FEMININO,SUPERIOR COMPLETO,PRETA,PEDAGOGO,29000.0
364,130002301618,MARCOS ANTONIO BENEVIDES,MG,IPATINGA,VEREADOR,MDB,MASCULINO,SUPERIOR INCOMPLETO,PARDA,SERVIDOR PÚBLICO MUNICIPAL,0.0
365,130002301939,SEBASTIAO DE BARROS QUINTAO,MG,IPATINGA,PREFEITO,MDB,MASCULINO,SUPERIOR COMPLETO,BRANCA,EMPRESÁRIO,21058132.14
366,130002302339,JULIO CESAR MOREIRA,MG,IPATINGA,VEREADOR,AGIR,MASCULINO,ENSINO MÉDIO COMPLETO,BRANCA,MILITAR REFORMADO,0.0
367,130002009656,MARLON MIRANDA FILHO,MG,IPATINGA,VEREADOR,PP,MASCULINO,ENSINO MÉDIO COMPLETO,PARDA,MÚSICO,0.0
368,130002378342,POLIANA TAMARA SOARES DA SILVA,MG,IPATINGA,VEREADOR,AGIR,FEMININO,ENSINO MÉDIO COMPLETO,BRANCA,ADMINISTRADOR,0.0
369,130002301612,JOSE BENTO FILHO,MG,IPATINGA,VEREADOR,MDB,MASCULINO,ENSINO FUNDAMENTAL COMPLETO,PARDA,APOSENTADO (EXCETO SERVIDOR PÚBLICO),264890.91
370,130002300203,MARIA VANILDA SILVA,MG,IPATINGA,VEREADOR,AVANTE,FEMININO,ENSINO MÉDIO COMPLETO,PARDA,OUTROS,0.0
371,130002210896,ALDIR RENATO DE OLIVEIRA,MG,IPATINGA,VEREADOR,PDT,MASCULINO,SUPERIOR COMPLETO,PARDA,TRABALHADOR DE ARTES GRÁFICAS,17000.0
